{
    "image": "untitled.png",
    "meshes": {
        "MAIN": {
            "x1": 0.3643956321559853,
            "x2": 0.5163587464984034,
            "y1": 0.02992581979196016,
            "y2": 0.2589205722490559
        }
    }
}